-6.28164,4.19664e-08,7.92919,-0.00615947,-0.387648,0.0685537,-0.0454399,-1.2019,0.863188,-2.43404,0.892297,-0.0517048,0,0.699049,1.4988e-09,0.482863,0.000115057,-0.000790803,0.000576295,-0.00108365,-0.0287062,0.0165938,-0.0580566,0.0212806,-0.00124634,0,0.350592,3.57559,0.0179384,-0.0720293,0.00421504,-0.238023,-2.04817,-0.207614,-1.45332,-0.375608,0.419672,0.0198817,8.67362e-12,0.00730396,1.07655,0.00142491,-8.04564e-06,1.12586e-05,-0.00194221,-0.0438442,-0.00437637,-0.0236161,-0.00790547,0.00893465,0.000428936,0,-1.56839,3.94823e-09,-16.4441,-0.00738334,0.0649314,0.0168773,-0.0113454,-0.298431,0.215485,-0.607349,0.222742,-0.0124005,0,0.304635,1.45717e-10,-0.0220745,-2.65166e-05,-0.000334923,9.42756e-05,-0.000149486,-0.00391093,0.00101027,-0.00799752,0.00293423,-0.000156894,0,-2.33404e-10,-7.45583e-11,2.60723e-09,-19.0222,-8.28582e-10,0.00942566,8.41604e-11,-2.71493e-10,-1.56016e-10,-1.86375e-10,1.4782e-10,-3.23841e-12,1.83729e-13,1.78268e-10,-3.88183e-11,-3.26095e-09,0.100925,1.83718e-10,-0.376302,1.09823e-10,1.15701e-10,2.44197e-12,6.54756e-11,-4.73539e-12,5.01389e-11,0,-0.0134702,5.76796e-11,0.940202,-2.94439e-05,-20.0799,0.0001451,-9.74401e-05,-0.00256278,0.00185069,-0.00521615,0.00191301,-0.000106409,0,0.00231663,1.92988e-11,0.0133996,4.18926e-07,0.0498392,1.3296e-07,-1.44745e-06,-3.78974e-05,1.5189e-05,-7.74486e-05,2.84138e-05,-1.52741e-06,0,-4.8922e-11,-1.75719e-11,-6.05707e-09,-2.40102,2.63906e-09,0.000190895,2.8036e-11,-7.9834e-11,-3.11385e-11,1.77735e-11,1.25665e-11,2.22804e-11,3.71072e-13,3.70026e-11,8.6846e-12,6.74331e-09,-0.113434,5.53639e-11,0.952547,6.44098e-11,1.55541e-11,-5.14329e-12,-7.47527e-12,-1.66246e-11,-1.34058e-11,0,0,0,0,0,0,0,0,-1.22911e-15,3.46882e-16,4.93426e-17,6.60937e-18,-2.30947e-18,-1.77662e-20,0,0,0,0,0,0,1,-2.76549e-17,6.07044e-18,1.11021e-18,1.48712e-19,-5.19639e-20,-3.10515e-22,0,0,0,0,0,0,-4.93038e-26,-1.13699e-15,-2.98663e-16,-2.98493e-16,8.93622e-17,-4.89644e-17,-1.44576e-18,0,0,0,0,0,0,-9.86076e-26,1,-5.2266e-18,-6.71609e-18,2.01065e-18,-1.1017e-18,-2.53004e-20,0,0,0,0,0,0,-1.97215e-25,2.53448e-15,-1.17622e-15,6.11376e-16,-5.03177e-16,1.82797e-16,5.63858e-18,0,0,0,0,0,0,1.18329e-24,5.70258e-17,1,1.3756e-17,-1.13215e-17,4.11294e-18,9.86737e-20,0,0,0,0,0,0,2.46519e-24,1.16707e-15,-6.85525e-16,8.66045e-17,-5.90632e-16,-8.80901e-18,-2.73538e-18,0,0,0,0,0,0,4.53595e-24,2.62592e-17,-1.19967e-17,1,-1.32892e-17,-1.98202e-19,-4.78717e-20,0,0,0,0,0,0,1.6073e-23,-2.74506e-17,-4.08015e-17,-1.46992e-15,-1.52815e-15,-6.67699e-16,-3.53164e-17,0,0,0,0,0,0,1.75522e-23,-6.17635e-19,-7.14005e-19,-3.30732e-17,1,-1.50232e-17,-6.18048e-19,0,0,0,0,0,0,-1.32627e-23,5.38586e-16,-5.18385e-15,-7.72301e-16,2.44013e-15,5.78615e-17,5.27304e-17,0,0,0,0,0,0,-2.95823e-24,1.21182e-17,-9.07175e-17,-1.73768e-17,5.49029e-17,1,9.22783e-19,0,0,0,0,0,0,1.85968e-23,-3.72783e-16,-1.04362e-16,9.37551e-17,6.78195e-16,1.3542e-15,-9.63397e-16,0,0,0,0,0,0,5.13099e-23,-8.38759e-18,-1.82635e-18,2.10943e-18,1.52594e-17,3.04696e-17,1,
-5.87019,1.61537e-08,7.84499,-0.0016801,-0.293848,0.0549047,-0.0424638,-1.14965,0.807072,-2.28063,0.834595,-0.056454,0,0.734356,5.55112e-11,0.333302,6.83669e-05,-0.00205908,0.00107066,-0.000963365,-0.0263244,0.014118,-0.0517967,0.018941,-0.00135477,0,0.047726,0.0161516,0.00581619,-0.0263086,0.000324478,0.651854,-0.0089182,0.00829258,-0.0129141,0.0162747,-0.00466991,0.000592842,0,0.000920118,1.00033,0.000268268,-0.00108941,4.82047e-06,0.0132847,-0.0001818,0.000183546,-0.000204531,0.000357849,-0.000104591,1.31989e-05,0,-0.776474,7.06379e-09,-17.1308,-0.00197267,0.0916011,0.00687348,-0.00561684,-0.148173,0.10668,-0.300782,0.110286,-0.00627027,0,0.292176,2.77556e-11,0.264621,-1.51603e-05,-0.00153086,4.45003e-05,-3.01619e-05,-0.00079546,-2.0611e-06,-0.00161512,0.00059222,-3.3604e-05,0,2.6948e-09,-1.3346e-10,-3.0025e-09,-19.966,-1.60854e-09,0.0103688,5.28583e-10,8.292e-09,-1.84008e-08,1.81591e-09,4.86456e-09,-1.71396e-10,0,-2.40609e-10,-1.15341e-10,1.32496e-08,0.139062,3.51443e-09,-0.347026,2.19321e-11,-3.64624e-10,-9.29511e-13,-2.61577e-10,-4.82298e-10,3.64296e-10,0,-0.0106952,1.13841e-10,2.86092,-4.10594e-07,-21.1671,9.46472e-05,-7.73669e-05,-0.00204067,0.00146943,-0.00414293,0.00151908,-8.62808e-05,0,0.00408651,-4.06576e-11,0.0165519,3.26619e-07,0.0869175,2.09839e-07,-4.05536e-07,-1.06903e-05,-6.83047e-12,-2.17073e-05,7.95929e-06,-4.51448e-07,0,-6.06239e-09,-9.64735e-12,5.52076e-09,-2.51806,3.12883e-09,0.00162517,-2.0098e-09,-1.76495e-08,4.01598e-08,-4.81897e-09,-1.03713e-08,1.21138e-10,0,-2.18808e-10,-1.41573e-10,-2.78919e-08,-0.108657,-6.88235e-09,0.956231,-1.09177e-10,-2.28721e-11,-7.22178e-13,3.91973e-11,1.00246e-10,-1.20659e-10,0,0,0,0,0,0,0,0,0,0,0,0,0,0,0,0,0,0,0,0,1,0,0,0,0,0,0,0,0,0,0,0,0,0,0,0,0,0,0,0,0,0,0,0,0,0,0,1,0,0,0,0,0,0,0,0,0,0,0,0,0,0,0,0,0,0,0,0,0,0,0,0,0,0,1,0,0,0,0,0,0,0,0,0,0,0,0,0,0,0,0,0,0,0,0,0,0,0,0,0,0,1,0,0,0,0,0,0,0,0,0,0,0,0,0,0,0,0,0,0,0,0,0,0,0,0,0,0,1,0,0,0,0,0,0,0,0,0,0,0,0,0,0,0,0,0,0,0,0,0,0,0,0,0,0,1,0,0,0,0,0,0,0,0,0,0,0,0,0,0,0,0,0,0,0,0,0,0,0,0,0,0,1,
-2.21338,-1.22125e-09,8.56601,0.0392419,-0.241955,-0.202638,-0.0160111,-0.444368,0.304592,-0.862431,0.31499,-0.0246198,0,0.809587,-1.66533e-10,0.359157,0.000515055,-0.00170117,-0.00440941,-0.000351363,-0.00987501,0.00508106,-0.0189542,0.00691587,-0.000578135,-5.55112e-11,-2.23664,0.762916,-0.264866,-0.0144201,-0.0189647,-0.000616336,-0.453736,-0.512953,0.00809121,-0.981836,0.418618,-0.0228795,0,-0.0419081,1.01521,-0.0123385,-0.000139076,-0.000237036,5.11643e-05,-0.00906669,-0.0108491,0.000528997,-0.0206066,0.00871734,-0.000516462,0,-0.292299,-8.32667e-11,-17.6702,0.102556,0.288156,-0.0260018,-0.00211443,-0.0570014,0.0401888,-0.113507,0.0415506,-0.0027354,0,0.293188,5.55112e-11,0.256072,0.0015969,0.00132444,-0.00138024,-1.12261e-05,-0.000302405,-8.80102e-07,-0.000602594,0.000220599,-1.44512e-05,0,6.17278e-09,-1.77923e-10,-1.32237e-08,-20.6177,5.6763e-09,0.00875182,-6.9781e-09,1.2569e-08,1.02237e-08,-1.36599e-08,5.36208e-09,4.47074e-09,0,-2.55794e-12,3.02999e-10,-5.52764e-09,0.130053,2.43891e-08,-0.344681,-6.64573e-11,5.94764e-11,-5.65902e-14,-5.61645e-11,-2.5525e-10,1.19516e-10,0,-0.00550854,-6.64074e-11,3.46112,0.000695853,-21.8497,-0.000490157,-3.98475e-05,-0.0010729,0.000757352,-0.00213881,0.000783007,-5.11454e-05,0,0.00618555,1.16389e-10,0.0277571,-8.44627e-07,0.0778301,-1.88694e-06,-1.66763e-07,-4.4848e-06,5.42101e-14,-8.95396e-06,3.2783e-06,-2.11774e-07,0,-1.31864e-08,-9.30387e-11,2.78982e-08,-2.60074,-1.25741e-08,0.00191163,1.60424e-08,-2.72511e-08,-2.15982e-08,2.95775e-08,-1.09915e-08,-9.97334e-09,0,7.53271e-11,1.29117e-10,1.16844e-08,-0.109797,-5.22185e-08,0.956502,7.29597e-12,-7.11499e-11,5.88993e-12,6.9799e-12,-1.06157e-10,-1.84144e-12,0,0,0,0,0,0,0,2.76101e-24,-6.23171e-15,2.53388e-15,-1.89725e-15,-4.89648e-17,-3.19821e-16,-2.26843e-18,0,0,0,0,0,0,1,-1.40213e-16,4.4343e-17,-4.26881e-17,-1.1017e-18,-7.19597e-18,-3.96907e-20,0,0,0,0,0,0,-1.97215e-24,-4.6116e-15,-4.52898e-15,4.53172e-16,-1.82778e-15,-5.17312e-17,-3.56652e-18,0,0,0,0,0,0,-1.57772e-24,1,-7.92571e-17,1.01964e-17,-4.1125e-17,-1.16395e-18,-6.24072e-20,0,0,0,0,0,0,-7.88861e-24,1.1177e-14,-2.10938e-15,-3.91644e-15,2.51705e-15,1.88039e-15,5.99833e-17,0,0,0,0,0,0,3.15544e-24,2.51482e-16,1,-8.81199e-17,5.66335e-17,4.23088e-17,1.04969e-18,0,0,0,0,0,0,1.22273e-23,5.00896e-15,-1.96814e-15,-2.79979e-15,-1.40923e-14,1.55666e-15,-3.52892e-17,0,0,0,0,0,0,3.15544e-24,1.12702e-16,-3.44425e-17,1,-3.17076e-16,3.50249e-17,-6.17567e-19,0,0,0,0,0,0,7.75056e-23,-8.30211e-16,-2.71718e-15,-1.66849e-14,-6.53353e-14,3.73686e-15,-2.91183e-16,0,0,0,0,0,0,4.19082e-24,-1.86797e-17,-4.75506e-17,-3.75409e-16,1,8.40795e-17,-5.0957e-18,0,0,0,0,0,0,6.34787e-23,3.71878e-15,-3.00144e-15,-3.94559e-15,3.10407e-14,-1.16172e-14,-1.4404e-15,0,0,0,0,0,0,-1.55307e-23,8.36725e-17,-5.25252e-17,-8.87757e-17,6.98415e-16,1,-2.52071e-17,0,0,0,0,0,0,4.04464e-22,-3.00033e-15,1.66659e-16,-9.97808e-17,1.78062e-14,-9.19711e-15,2.87723e-14,0,0,0,0,0,0,-1.04031e-23,-6.75071e-17,2.91642e-18,-2.24505e-18,4.00639e-16,-2.06935e-16,1,
0,0,8.67808,0.0386908,-0.209123,-0.146419,-5.55112e-11,-1.11022e-10,-5.55112e-11,0,0,0,0,0.851821,5.55112e-11,0.454,0.000491481,-0.0034303,-0.00318641,5.55112e-11,1.11022e-10,0,1.11022e-10,-5.55112e-11,0,0,-1.56378,0.391901,-0.102132,-0.00514896,-0.0196226,-0.153781,-0.23608,-0.349391,0.0613,-0.666597,0.274149,-0.017167,0,-0.0309481,1.00774,-0.00584641,5.89631e-05,-0.000268581,-0.00313184,-0.00467567,-0.00734686,0.00122168,-0.0140041,0.00571957,-0.00036787,0,6.93889e-12,0,-17.3562,0.0612555,0.418247,-0.0287266,1.38778e-11,-5.55112e-11,-1.38778e-11,-1.38778e-11,5.55112e-11,-1.38778e-11,0,0.296358,1.38778e-11,0.0919994,0.00129446,0.0068606,-0.000768209,1.38778e-11,2.08167e-11,0,6.93889e-11,-5.55112e-11,2.77556e-11,0,-5.23093e-11,3.58503e-11,2.95745e-09,-20.1922,-2.05109e-09,0.0135479,2.10688e-10,3.09726e-11,1.82724e-10,-6.01634e-11,3.54316e-10,-9.39421e-11,0,2.96594e-11,2.61987e-11,-3.32543e-10,-0.0624298,-1.15527e-08,-0.347324,9.9788e-11,1.19784e-10,-5.8409e-12,-2.5289e-10,-8.00126e-12,-2.78921e-11,0,2.11419e-11,-2.64545e-11,5.23825,0.00287793,-21.3977,-0.000439774,1.07228e-10,1.29942e-10,-7.97973e-11,-2.87856e-11,-7.9201e-11,-3.88686e-11,0,0.00460826,-4.88433e-11,0.0812628,7.15322e-06,-0.126694,-4.25808e-06,-1.77863e-10,-1.7949e-10,0,9.32414e-11,1.57751e-10,7.37257e-11,0,-4.21973e-12,1.41447e-10,-5.1992e-09,-2.54905,5.3512e-09,0.00125563,-4.02956e-11,-7.74948e-11,2.81562e-11,-7.25768e-12,1.55966e-10,-3.16817e-11,0,1.06478e-10,1.63229e-10,7.00555e-10,-0.134097,2.44126e-08,0.956164,9.99951e-12,-6.71934e-11,-2.41899e-16,2.03602e-11,-3.73663e-11,-4.38436e-11,0,0,0,0,0,0,0,-1.57772e-24,-4.22697e-19,-7.14381e-17,-3.64666e-16,-1.72284e-16,-1.14066e-16,-2.16029e-18,0,0,0,0,0,0,1,-9.51051e-21,-1.25016e-18,-8.20498e-18,-3.87639e-18,-2.56647e-18,-3.78022e-20,0,0,0,0,0,0,-6.70532e-24,-4.61156e-17,-4.42075e-16,-2.24909e-16,-1.78699e-15,-3.53465e-17,-5.03185e-18,0,0,0,0,0,0,1.97215e-24,1,-7.73631e-18,-5.06046e-18,-4.02073e-17,-7.95298e-19,-8.80538e-20,0,0,0,0,0,0,1.57772e-24,6.72197e-17,3.07441e-16,1.66887e-15,6.14911e-15,-1.67292e-16,3.71333e-18,0,0,0,0,0,0,-4.73317e-24,1.51244e-18,1,3.75496e-17,1.38355e-16,-3.76409e-18,6.49737e-20,0,0,0,0,0,0,-6.10381e-23,3.64176e-17,1.26542e-16,4.44634e-16,3.35306e-15,3.38091e-16,5.25114e-18,0,0,0,0,0,0,-3.05684e-23,8.19391e-19,2.21447e-18,1,7.54439e-17,7.60703e-18,9.18888e-20,0,0,0,0,0,0,-2.17726e-22,2.73936e-17,-2.46943e-16,-1.73069e-16,5.44187e-15,4.08684e-15,1.26036e-16,0,0,0,0,0,0,-1.2464e-22,6.16329e-19,-4.32155e-18,-3.89405e-18,1,9.19539e-17,2.20563e-18,0,0,0,0,0,0,9.73257e-23,-3.89975e-17,1.09213e-15,6.14244e-16,-4.12688e-15,5.74116e-15,-3.70664e-16,0,0,0,0,0,0,-2.82018e-23,-8.77464e-19,1.91123e-17,1.38204e-17,-9.28548e-17,1,-6.48668e-18,0,0,0,0,0,0,7.21241e-22,4.38994e-17,-7.68955e-17,-5.91265e-16,-9.44707e-16,-1.99928e-14,1.40224e-14,0,0,0,0,0,0,-3.70888e-22,9.87251e-19,-1.34511e-18,-1.33034e-17,-2.12557e-17,-4.49839e-16,1,
-1.16325,-6.71685e-09,9.04899,0.00045358,-0.221886,-0.0225364,-0.00841465,-0.235529,0.160121,-0.453707,0.165599,-0.0135499,0,0.828096,-1.11022e-10,0.459398,8.312e-05,-0.00346157,-0.000631104,-0.000188614,-0.00528247,0.00284313,-0.0101705,0.00371196,-0.000304676,0,5.55112e-10,0,-5.82867e-10,-0.00306427,-9.99201e-10,0.128966,1.4988e-09,6.38378e-10,-9.71445e-10,1.36002e-09,1.94289e-10,3.10862e-09,0,4.996e-10,1,-1.55431e-09,-0.000153399,9.15934e-10,0.00268935,1.13798e-09,-9.15934e-10,0,-1.69309e-09,-2.72005e-09,2.41474e-09,0,-0.227241,-1.1241e-09,-18.2608,-5.65491e-05,0.311191,-0.00340296,-0.00164381,-0.0458638,0.0312765,-0.0885982,0.0323457,-0.0026019,0,0.292745,0,0.0715618,7.87244e-06,0.0050665,-4.80698e-05,-1.72523e-05,-0.000479189,-4.86541e-07,-0.000929358,0.000339414,-2.66457e-05,0,5.97708e-09,2.5975e-11,-1.88625e-09,-21.3193,1.38831e-08,0.00553756,1.38869e-08,6.36184e-09,7.33676e-09,-1.10658e-08,9.68598e-09,-8.2718e-09,0,4.795e-09,2.97434e-10,3.76485e-09,-0.0857169,3.9168e-09,-0.345136,5.96792e-09,-4.63767e-09,-2.61399e-12,-1.98996e-09,-1.15962e-08,1.65342e-09,0,-0.00185989,-3.52366e-11,1.23459,-4.69693e-07,-22.5967,-2.76838e-05,-1.34539e-05,-0.000375405,0.000255988,-0.000725152,0.000264739,-2.13037e-05,0,0.00244003,-2.34188e-11,0.0195189,6.39878e-08,-0.150971,-3.83419e-07,-1.37603e-07,-3.83047e-06,-3.68629e-12,-7.4286e-06,2.71305e-06,-2.13047e-07,0,-1.28071e-08,-8.66345e-11,4.10492e-09,-2.68937,-3.01557e-08,0.00181931,-2.9692e-08,-1.35789e-08,-1.46672e-08,2.26855e-08,-2.15848e-08,1.7155e-08,0,-1.11242e-08,2.31216e-11,-7.77413e-09,-0.137014,-9.06061e-09,0.956443,-1.14793e-08,9.77518e-09,-1.18444e-11,4.95004e-09,2.29131e-08,-2.5985e-09,0,0,0,0,0,0,0,-2.36658e-24,3.21006e-17,1.02512e-16,1.05855e-17,-9.59576e-17,3.39798e-17,-3.10215e-17,0,0,0,0,0,0,1,7.22263e-19,1.79396e-18,2.38175e-19,-2.15905e-18,7.64546e-19,-5.42876e-19,0,0,0,0,0,0,-1.45939e-23,6.14331e-17,1.47427e-16,1.23286e-16,-3.44848e-16,2.16603e-16,-3.79384e-16,0,0,0,0,0,0,3.9443e-24,1,2.57998e-18,2.77394e-18,-7.75907e-18,4.87357e-18,-6.63923e-18,0,0,0,0,0,0,2.68213e-23,-1.12247e-16,-1.35915e-17,-3.68341e-17,1.03271e-15,-5.32823e-16,1.44145e-15,0,0,0,0,0,0,-4.73317e-24,-2.52554e-18,1,-8.28779e-19,2.3236e-17,-1.19885e-17,2.52253e-17,0,0,0,0,0,0,-1.11895e-22,-5.54801e-17,-9.84139e-17,1.46761e-16,5.49397e-16,2.02172e-15,-7.1881e-16,0,0,0,0,0,0,4.59758e-23,-1.24832e-18,-1.72231e-18,1,1.23614e-17,4.54887e-17,-1.25792e-17,0,0,0,0,0,0,-5.83757e-22,-1.83042e-17,-4.38758e-17,2.42286e-16,7.79851e-16,9.13158e-15,-6.80239e-15,0,0,0,0,0,0,2.05104e-22,-4.11946e-19,-7.68073e-19,5.45151e-18,1,2.05461e-16,-1.19042e-16,0,0,0,0,0,0,-8.04638e-23,1.31306e-17,9.23544e-18,-1.47733e-16,-6.5298e-16,-7.80233e-16,4.49704e-15,0,0,0,0,0,0,-3.5341e-22,2.9483e-19,1.61963e-19,-3.32395e-18,-1.46918e-17,1,7.86983e-17,0,0,0,0,0,0,9.23914e-21,-2.08226e-17,-1.39512e-17,-8.9599e-17,-1.61009e-16,-5.45107e-15,-7.23355e-16,0,0,0,0,0,0,6.41186e-21,-4.58473e-19,-2.54455e-19,-2.0214e-18,-3.62613e-18,-1.22649e-16,1,
2.77556e-11,-5.55112e-11,3.75259,-0.236868,-0.237164,-7.14717e-05,0,0,0,0,0,0,0,0.522478,0.437601,0.301035,-0.00463324,-0.00522141,0.00309692,0,0,0,0,0,0,0,0,-2.77556e-11,1.5917,0.212448,0.236937,9.84565e-05,0,0,0,0,0,0,0,0.43154,0.512028,0.259291,0.00520786,0.0044623,-0.00285536,0,0,0,0,0,0,0,0,6.93889e-11,-10.6886,0.048841,0.000454063,-5.39695e-05,0,0,0,0,0,0,0,0.0919639,0.100744,-0.120653,-0.00114926,0.00151822,-0.000483102,0,0,0,0,0,0,0,2.79724e-11,6.37511e-11,-0.981119,-9.82666,0.57071,-0.00428525,0,0,0,0,0,0,0,0.10058,-0.149393,0.0339942,-0.186294,0.000829267,0.0595624,0,0,0,0,0,0,0,6.39679e-12,1.24575e-10,-0.813591,-0.0811838,-9.75666,0.000815537,0,0,0,0,0,0,0,0.000831603,0.0188398,0.00850646,7.93888e-05,-0.180807,0.000662813,0,0,0,0,0,0,0,-3.98986e-11,-1.42139e-10,-1.29415,-0.0563025,1.40968,0.000119088,0,0,0,0,0,0,0,0.102713,-0.148657,0.0388247,-0.0108038,0.0175724,0.108486,0,0,0,0,0,0,0,0,0,0,0,0,0,-7.88861e-24,-1.40233e-15,3.21311e-15,1.12042e-15,-3.94143e-16,3.4709e-16,-1.06899e-16,0,0,0,0,0,0,1,-3.15524e-17,5.62294e-17,2.52093e-17,-8.86819e-18,7.80952e-18,-1.87074e-18,0,0,0,0,0,0,-2.2877e-23,-8.82164e-16,1.33712e-15,-1.12231e-16,3.82459e-15,7.59818e-16,-1.35524e-15,0,0,0,0,0,0,-6.31089e-24,1,2.33995e-17,-2.52521e-18,8.60534e-17,1.70959e-17,-2.37167e-17,0,0,0,0,0,0,6.31089e-23,2.2894e-15,-2.26401e-15,-6.00499e-15,-1.29738e-14,-2.79009e-15,5.21165e-15,0,0,0,0,0,0,1.10441e-23,5.15116e-17,1,-1.35112e-16,-2.9191e-16,-6.2777e-17,9.12039e-17,0,0,0,0,0,0,-1.73549e-23,1.00462e-15,-3.28334e-15,2.31776e-15,-7.7329e-15,1.05452e-14,-2.50944e-15,0,0,0,0,0,0,1.84593e-22,2.2604e-17,-5.74585e-17,1,-1.7399e-16,2.37267e-16,-4.39151e-17,0,0,0,0,0,0,-2.8399e-22,-2.8007e-16,-1.64169e-15,-1.94818e-15,-2.05517e-14,1.44415e-14,-2.56881e-14,0,0,0,0,0,0,7.06819e-22,-6.30137e-18,-2.87302e-17,-4.38337e-17,1,3.24935e-16,-4.49542e-16,0,0,0,0,0,0,-1.17698e-21,9.70168e-16,-6.29249e-15,4.25376e-15,1.81955e-14,-2.40008e-14,1.64077e-14,0,0,0,0,0,0,-1.41206e-21,2.18278e-17,-1.10118e-16,9.57094e-17,4.094e-16,1,2.87134e-16,0,0,0,0,0,0,3.71585e-20,-8.24943e-16,-2.51113e-16,1.13238e-15,3.4905e-15,4.75909e-14,-3.01147e-14,0,0,0,0,0,0,4.34189e-20,-1.85318e-17,-4.41419e-18,2.54962e-17,7.84883e-17,1.07082e-15,1,
-0.204788,0.0121622,3.07605,-0.243979,-0.284577,-0.0597151,-0.00845679,-0.042857,0.0234192,-0.0817192,0.0307631,-0.00246813,0,0.528811,0.399923,0.262535,-0.00452188,-0.00567056,-0.000633314,-0.000130627,-0.000736257,0.000283317,-0.00140444,0.000526677,-4.25733e-05,0,-0.432339,0.0230942,3.45377,0.300217,0.247571,-0.0548412,-0.0163727,-0.0903014,0.0504566,-0.172157,0.0646072,-0.00522966,0,0.395757,0.531376,0.271674,0.00593304,0.00436877,-0.000514865,-0.000353956,-0.00220639,0.00103664,-0.00420828,0.00157292,-0.000128306,0,-0.0933527,0.00539082,-13.1235,-0.0584509,0.0649771,-0.0168082,-0.0037671,-0.01953,0.010736,-0.037231,0.0140034,-0.00112748,0,0.130235,0.131223,-0.0719686,-0.00221732,0.00242974,-0.000158373,-6.58704e-05,-0.000371879,0.000143875,-0.000709391,0.000266012,-2.15032e-05,0,0.0111263,-0.000615772,-1.14785,-13.8883,0.0475439,0.000629197,0.00043365,0.00232606,-0.00129009,0.00443367,-0.0016655,0.000134638,0,-0.00382117,-0.00861893,-0.0261953,-0.167245,0.00241153,-0.000539136,8.86544e-06,5.06865e-05,-2.03963e-05,9.67038e-05,-3.62474e-05,2.93069e-06,0,0.00385018,-0.000204415,0.142895,-0.0195537,-13.8189,0.00130959,0.00014509,0.00080455,-0.00044984,0.00153307,-0.000575206,4.67228e-05,0,0.00221683,-0.000122318,0.00414278,-6.47655e-05,-0.165395,-0.000526219,3.42409e-06,1.95906e-05,-7.90075e-06,3.7377e-05,-1.40097e-05,1.1326e-06,0,-0.0130289,0.00074852,0.334773,0.0453743,-0.308316,-0.00100584,-0.000523547,-0.00272506,0.00149989,-0.00519555,0.00195388,-0.000157264,0,-0.0150121,0.0188781,0.0088025,-0.000235304,-0.0120138,0.122497,-9.26619e-06,-5.28531e-05,2.11152e-05,-0.000100835,3.77989e-05,-3.05581e-06,0,0,0,0,0,0,0,-2.36658e-24,8.07873e-17,7.3741e-17,-7.26974e-16,-3.5871e-16,-2.38607e-16,-4.56979e-18,0,0,0,0,0,0,1,7.97933e-21,-2.84837e-18,-1.73273e-17,-8.06282e-18,-5.40353e-18,-8.00039e-20,0,0,7.88861e-25,-7.88861e-25,1.57772e-24,-7.88861e-25,-7.88861e-25,1.09038e-16,-6.99127e-16,-5.86034e-16,-3.72962e-15,-6.54607e-17,-1.07227e-17,0,0,0,0,0,7.88861e-25,7.88861e-24,1,-1.62294e-17,-1.07333e-17,-8.4532e-17,-1.73579e-18,-1.90558e-19,0,0,-1.57772e-24,0,0,0,1.41995e-23,3.74185e-17,-2.45914e-17,3.48984e-15,1.29092e-14,-3.43962e-16,8.59118e-18,0,0,0,-1.57772e-24,-1.57772e-24,-1.57772e-24,-2.05104e-23,3.10599e-18,1,7.91726e-17,2.90729e-16,-7.59981e-18,1.48825e-19,0,0,-4.73317e-24,7.88861e-24,-1.10441e-23,6.31089e-24,-3.62876e-23,-5.59308e-16,-1.38641e-17,3.91458e-16,7.20328e-15,6.84104e-16,1.00045e-17,0,1.57772e-24,-1.57772e-24,-1.57772e-24,-1.57772e-24,-6.31089e-24,2.76101e-23,1.68741e-18,4.83618e-18,1,1.58165e-16,1.55012e-17,1.78006e-19,0,-3.15544e-24,-1.57772e-23,3.47099e-23,-4.41762e-23,2.20881e-23,-1.75916e-22,3.88865e-17,-6.71941e-16,-6.86834e-16,1.19201e-14,8.63803e-15,2.65606e-16,3.15544e-24,6.31089e-24,-6.31089e-24,-9.46633e-24,-9.46633e-24,-2.20881e-23,1.13596e-22,1.28982e-18,-8.90668e-18,-8.06524e-18,1,1.94696e-16,4.67449e-18,1.57772e-24,0,-4.73317e-24,9.46633e-24,-9.46633e-24,4.73317e-24,-6.46866e-23,-3.32245e-16,1.75936e-15,2.07549e-15,-8.89472e-15,1.18053e-14,-7.87264e-16,0,3.15544e-24,-1.57772e-24,-1.57772e-24,-1.57772e-24,-4.73317e-24,-8.36193e-23,-1.84761e-18,4.01392e-17,2.90171e-17,-1.9484e-16,1,-1.34551e-17,0,0,-2.01948e-22,6.05845e-22,-6.05845e-22,4.03897e-22,1.00974e-21,2.35445e-16,2.27686e-16,-8.67497e-16,-2.10471e-15,-4.19571e-14,2.97344e-14,0,2.01948e-22,-2.01948e-22,0,0,-2.01948e-22,-8.07794e-22,2.07462e-18,-2.8188e-18,-2.79341e-17,-4.45704e-17,-9.47392e-16,1,
-0.0346317,0.0107938,2.79544,-0.231278,-0.243438,-0.019445,-0.00644109,-0.00781821,0.000524787,-0.0150463,0.00634671,-0.000345008,0,0.485391,0.452648,0.263269,-0.00277953,-0.00313924,-0.000138483,-0.000120534,-0.000110675,-2.1982e-05,-0.000214252,9.44158e-05,-4.19097e-06,0,-0.0796613,0.0147988,2.94677,0.247039,0.234984,-0.0222339,-0.0090638,-0.017378,0.00515206,-0.0332131,0.0132867,-0.0008918,0,0.452284,0.486154,0.265063,0.00318029,0.00280082,-0.000210851,-0.000211083,-0.000446885,0.000129013,-0.000853249,0.000338288,-2.34387e-05,0,-0.0174032,0.00388685,-11.4943,-0.0190817,0.0207528,-0.00634212,-0.00235512,-0.00383627,0.000868375,-0.00734704,0.00298824,-0.000188516,0,0.121397,0.12166,-0.0573357,-0.00069531,0.000710901,-5.50843e-05,-5.17288e-05,-8.65321e-05,1.64146e-05,-0.000165681,6.71939e-05,-4.28226e-06,0,0.00263916,-0.000285254,0.191426,-11.7479,-0.0580223,0.0012409,0.000182693,0.000563364,-0.000251329,0.00107179,-0.000413359,3.15589e-05,0,-0.00697011,-0.00256214,-0.00613037,-0.126642,-0.000306039,0.000685134,5.48373e-06,1.84401e-05,-7.93871e-06,3.50717e-05,-1.34571e-05,1.04333e-06,0,0.000982621,-7.98061e-05,-0.0136976,-0.0046555,-11.783,-0.000863524,5.28794e-05,0.000208172,-0.00010396,0.000395379,-0.00015045,1.20126e-05,0,-0.000485602,0.00136023,0.000776326,-5.79011e-05,-0.126826,0.000664421,1.98891e-06,7.52538e-06,-3.44743e-06,1.43015e-05,-5.45277e-06,4.31513e-07,0,-0.00380063,0.000358257,0.165765,0.0463458,-0.075527,-0.000891535,-0.000232964,-0.000807972,0.000382598,-0.00153612,0.000588398,-4.59158e-05,0,-0.00602117,0.00748671,0.00197076,-0.000175227,-0.00260135,0.0299434,-6.13377e-06,-2.19981e-05,8.89338e-06,-4.18217e-05,1.59903e-05,-1.25395e-06,0,0,0,0,0,0,0,4.73317e-24,5.75561e-17,1.8764e-16,9.21719e-17,-1.31113e-16,8.34375e-17,-5.43293e-17,0,0,0,0,0,0,1,1.29501e-18,3.2837e-18,2.07387e-18,-2.95005e-18,1.87734e-18,-9.50763e-19,0,0,0,0,0,0,1.34106e-23,1.19078e-16,3.53325e-16,2.61602e-16,-2.37731e-16,3.87846e-16,-6.68836e-16,0,0,0,0,0,0,1.10441e-23,1,6.1832e-18,5.88606e-18,-5.34895e-18,8.72652e-18,-1.17046e-17,0,0,0,0,0,0,-4.73317e-24,-2.14214e-16,-8.52677e-17,-4.04915e-16,5.42029e-16,-8.96763e-16,2.54409e-15,0,0,0,0,0,0,-6.31089e-24,-4.8198e-18,1,-9.11059e-18,1.21957e-17,-2.01772e-17,4.45215e-17,0,0,0,0,0,0,-1.00974e-22,-1.06509e-16,-1.93311e-16,1.59982e-16,2.60757e-16,3.48434e-15,-1.27048e-15,0,0,0,0,0,0,6.70532e-23,-2.39641e-18,-3.38302e-18,1,5.86707e-18,7.83977e-17,-2.22334e-17,0,0,0,0,0,0,-4.68583e-22,-3.817e-17,-1.95669e-17,4.67107e-16,2.32413e-16,1.53099e-14,-1.20322e-14,0,0,0,0,0,0,3.13178e-22,-8.58733e-19,-3.42716e-19,1.05099e-17,1,3.44472e-16,-2.10564e-16,0,0,0,0,0,0,-6.81576e-22,3.11954e-17,-2.12008e-16,-3.89416e-16,-2.84963e-16,-2.48243e-15,8.02177e-15,0,0,0,0,0,0,-4.58723e-22,7.01018e-19,-3.70968e-18,-8.76195e-18,-6.41177e-18,1,1.40381e-16,0,0,0,0,0,0,5.04871e-21,-4.59358e-17,-8.28816e-18,-3.44114e-17,-8.47569e-17,-5.51895e-15,-4.21549e-15,0,0,0,0,0,0,4.03897e-21,-1.016e-18,-1.59135e-19,-7.78309e-19,-1.90235e-18,-1.24169e-16,1,
-0.374594,-0.012458,2.46815,-0.195353,-0.2125,0.0108264,0.00443535,-0.0752562,0.0564663,-0.144407,0.0517013,-0.00453523,0,0.474751,0.468654,0.260071,-0.00192888,-0.00227704,0.000135038,0.000126165,-0.00169069,0.00101066,-0.00324433,0.00115788,-0.00010233,0,-0.340197,-0.00641417,2.33765,0.199341,0.185205,0.0139653,0.00121782,-0.0687249,0.0493558,-0.131848,0.0475973,-0.00409631,0,0.465394,0.475705,0.258155,0.00215968,0.00187588,1.7564e-05,2.02559e-05,-0.00147845,0.00080139,-0.00283621,0.00102469,-8.80475e-05,0,-0.117011,-0.00321095,-9.71447,0.000839936,-0.00214255,0.00407227,0.000995146,-0.023561,0.0173709,-0.0452057,0.0162392,-0.00141374,0,0.0986272,0.0995161,-0.0427999,-0.000428847,0.000407263,2.77017e-05,2.93994e-05,-0.000616593,0.000379926,-0.00118307,0.000424529,-3.70517e-05,0,-0.0022667,-0.000616875,-0.0234328,-9.69368,-0.034714,0.000357585,0.0003374,-0.000413317,0.00055447,-0.000796258,0.00024174,-2.98742e-05,0,-0.00855936,0.00492066,-0.00489935,-0.097118,-0.000671646,0.00185852,2.00701e-05,-3.40873e-05,4.26348e-05,-6.56088e-05,2.09897e-05,-2.33846e-06,0,-0.00234774,-0.000316357,0.0590604,-0.00891002,-9.70343,-0.00164884,0.000164458,-0.00045313,0.000447533,-0.000870924,0.000292742,-2.94873e-05,5.42101e-14,-0.00168554,0.00439287,0.00228742,-0.000135428,-0.0974952,0.00184101,9.35021e-06,-2.08034e-05,2.22901e-05,-4.00085e-05,1.31997e-05,-1.38148e-06,0,0.00986881,0.00164499,-0.149448,-0.00550148,0.132177,0.00195295,-0.000872066,0.00188001,-0.00200507,0.00361576,-0.00118916,0.000125287,-5.42101e-14,-0.00429503,0.000780394,-0.00246029,-0.000345709,0.00063076,0.00748643,-3.01541e-05,6.16162e-05,-6.1429e-05,0.000118526,-3.87641e-05,4.13039e-06,0,0,0,3.15544e-24,0,0,0,5.52203e-23,-2.78688e-15,-8.32597e-16,3.0906e-16,4.37333e-15,-2.38847e-15,2.15029e-15,0,0,0,0,0,0,1,-6.37428e-17,-1.66836e-17,6.32359e-18,9.83084e-17,-5.37492e-17,3.763e-17,0,0,7.88861e-25,0,0,0,-9.86076e-23,-5.02146e-15,-1.18657e-14,-6.89856e-15,2.04114e-14,-1.35929e-14,2.63101e-14,0,0,0,0,0,0,-3.39999e-22,1,-2.103e-16,-1.54094e-16,4.58708e-16,-3.05928e-16,4.60426e-16,0,0,-3.15544e-24,-3.15544e-24,-3.15544e-24,0,-3.31322e-22,9.42668e-15,-8.32935e-16,6.36443e-16,-5.62458e-14,2.94916e-14,-9.97533e-14,0,0,3.15544e-24,0,0,-3.15544e-24,3.62876e-22,2.1375e-16,1,1.5064e-17,-1.26511e-15,6.63607e-16,-1.74568e-15,0,-6.31089e-24,-1.89327e-23,-6.31089e-24,0,6.31089e-24,3.15544e-22,4.37765e-15,1.70201e-15,-4.34044e-15,-2.15569e-14,-1.27918e-13,5.00176e-14,-6.31089e-24,0,6.31089e-24,0,0,-6.31089e-24,-2.81466e-21,1.05208e-16,3.32626e-17,1,-4.85982e-16,-2.87814e-15,8.75312e-16,-2.52435e-23,-2.52435e-23,-5.04871e-23,-2.52435e-23,0,2.52435e-23,3.40788e-21,1.45955e-15,-2.72821e-15,-1.98125e-14,-3.2238e-14,-6.52325e-13,4.68328e-13,-2.52435e-23,0,2.52435e-23,0,2.52435e-23,-5.04871e-23,-1.30004e-20,3.25801e-17,-4.41415e-17,-4.43856e-16,1,-1.46773e-14,8.19576e-15,-1.00974e-22,-1.00974e-22,-3.02923e-22,-1.00974e-22,-1.00974e-22,0,3.58458e-20,-1.11504e-15,2.30195e-15,1.2606e-14,2.86715e-14,-1.99951e-15,-3.16048e-13,-1.00974e-22,0,1.00974e-22,0,0,-1.00974e-22,2.05987e-20,-2.0668e-17,4.6382e-17,2.74936e-16,6.48371e-16,1,-5.53071e-15,0,0,6.46235e-21,3.23117e-21,0,-3.23117e-21,-6.97934e-19,1.62758e-15,8.54529e-16,4.39208e-15,6.67386e-15,3.74421e-13,9.78133e-14,3.23117e-21,0,0,-3.23117e-21,-3.23117e-21,3.23117e-21,-3.0373e-19,3.52456e-17,1.01782e-17,9.61016e-17,1.515e-16,8.42241e-15,1,
-0.000338395,8.19449e-06,0.0383515,-0.00218545,-0.364248,-0.000519452,-7.14766e-06,-6.93812e-05,4.33647e-05,-0.000133212,4.92561e-05,-3.97482e-06,0,0.00426207,0.00272628,0.00150624,-8.17641e-06,-0.00294797,6.44803e-05,-1.55536e-07,7.61749e-07,-8.82461e-07,1.428e-06,-4.94659e-07,5.27618e-08,0,-0.0049491,-1.71742e-05,0.124758,0.364072,0.00304714,-0.000416308,-2.59507e-05,-0.00101042,0.000688196,-0.00193008,0.000702564,-6.06953e-05,0,0.00275547,0.00418929,0.00226985,0.00294185,1.72153e-05,-6.30165e-05,-8.64997e-07,-3.48711e-05,2.27645e-05,-6.66167e-05,2.4245e-05,-2.09424e-06,0,0.00716003,5.04181e-06,-9.65067,0.0375652,-0.039164,0.00127524,4.89027e-05,0.00146372,-0.000987861,0.00279523,-0.00101903,8.78363e-05,0,-0.0434419,-0.0437912,-0.0957304,5.30793e-05,-4.81172e-05,-1.601e-05,1.38818e-07,4.4073e-06,2.48456e-09,8.41614e-06,-3.06711e-06,2.64734e-07,0,-0.00408468,-4.45414e-06,0.198251,-9.13954,-0.0114949,-0.00126317,-2.69933e-05,-0.0008352,0.000564185,-0.00159448,0.000581143,-5.02061e-05,0,0.00868115,0.0214068,0.00586418,-0.0726115,-0.000368272,0.00161904,2.14027e-07,1.06309e-05,-1.58874e-05,2.03137e-05,-7.3864e-06,6.38828e-07,0,-0.00130906,-2.41782e-06,0.00437721,-0.00564657,-9.14012,-0.00102688,-8.08268e-06,-0.000267536,0.000181198,-0.000510845,0.000186114,-1.60784e-05,0,-0.000358484,0.00499583,0.00182008,-0.000123465,-0.0727209,0.00160168,-7.95441e-08,-1.83133e-06,-1.54248e-07,-3.50114e-06,1.27902e-06,-1.08975e-07,0,-0.00041935,-5.73343e-07,0.0160473,-0.00245791,-0.0748732,-7.77774e-05,-2.70465e-06,-8.57073e-05,5.79666e-05,-0.000163672,5.96465e-05,-5.1461e-06,0,0.00107468,0.00147629,0.000745115,-2.91766e-05,-0.000640743,0.00149326,-1.96324e-08,-5.87534e-07,-1.35241e-07,-1.12218e-06,4.0911e-07,-3.52321e-08,0,0,0,0,0,0,0,1.57772e-24,3.90506e-15,-1.38887e-14,-1.32738e-15,5.29117e-15,-7.64888e-16,8.7502e-16,0,0,0,0,0,0,1,8.74622e-17,-2.43707e-16,-3.01404e-17,1.1898e-16,-1.72238e-17,1.53126e-17,0,0,-1.57772e-24,-1.57772e-24,-1.57772e-24,-1.57772e-24,8.5197e-23,2.36924e-15,-2.32378e-15,-1.06295e-15,9.7053e-15,-6.50826e-15,1.0679e-14,-1.57772e-24,-1.57772e-24,0,0,-1.57772e-24,-1.57772e-24,-2.36658e-24,1,-4.12318e-17,-2.38739e-17,2.18135e-16,-1.46533e-16,1.86882e-16,0,0,0,3.15544e-24,0,0,-5.04871e-23,-6.18584e-15,5.23953e-15,7.06778e-15,-3.29066e-14,2.26405e-14,-4.0754e-14,0,0,0,0,3.15544e-24,0,9.78188e-23,-1.38605e-16,1,1.5941e-16,-7.40145e-16,5.09469e-16,-7.13195e-16,0,6.31089e-24,-6.31089e-24,0,0,0,2.03211e-21,-2.92368e-15,1.30228e-14,-1.59454e-14,-1.99591e-14,-7.534e-14,1.98657e-14,6.31089e-24,6.31089e-24,6.31089e-24,0,0,-6.31089e-24,3.15544e-23,-6.03865e-17,2.27858e-16,1,-4.48897e-16,-1.69513e-15,3.47649e-16,0,0,-2.52435e-23,-5.04871e-23,0,0,9.34011e-21,4.7558e-16,1.03549e-14,4.06102e-15,-4.23416e-15,-2.22679e-13,1.95747e-13,0,0,0,0,0,0,-2.27192e-22,1.91953e-17,1.80187e-16,9.62322e-17,1,-5.01023e-15,3.42557e-15,0,0,1.00974e-22,-1.00974e-22,0,0,1.71656e-21,-2.82409e-15,8.6031e-15,-1.53462e-14,-3.43655e-15,7.11563e-14,-1.22286e-13,0,0,0,0,0,0,-1.21169e-21,-6.29852e-17,1.51793e-16,-3.48084e-16,-7.68046e-17,1,-2.13993e-15,0,0,-3.23117e-21,-3.23117e-21,-3.23117e-21,-3.23117e-21,-8.07794e-20,2.567e-15,1.73402e-15,3.67874e-15,1.76331e-15,1.0377e-13,-2.59038e-14,0,0,3.23117e-21,0,0,-3.23117e-21,3.23117e-21,5.43484e-17,3.11194e-17,8.03205e-17,3.96691e-17,2.33346e-15,1,
-0.000316775,-5.00216e-05,0.00165219,5.09989e-05,-0.35565,-0.00010524,2.63975e-05,-5.92006e-05,6.32385e-05,-0.000116147,3.84975e-05,-3.59152e-06,7.11508e-14,0.000780526,-2.54478e-07,1.07125e-05,3.06499e-07,-0.00210469,-4.84131e-07,1.06478e-06,-2.38816e-06,2.52521e-06,-4.68532e-06,1.55297e-06,-1.44901e-07,0,-0.00125175,0.00113952,0.00478617,0.355871,6.74047e-05,-0.000623732,-0.000662603,-0.000344305,-0.000275438,-0.000651982,0.000327908,-1.01808e-05,-6.77626e-15,-6.0254e-06,0.000683321,3.34371e-05,0.00210711,3.1747e-07,-2.86659e-06,-2.69475e-05,-1.40028e-05,-1.11158e-05,-2.65158e-05,1.33359e-05,-4.14075e-07,0,1.30261e-08,-1.11073e-08,-8.85764,0.000205273,-0.000163499,9.96273e-10,6.49903e-09,3.51433e-09,2.4696e-09,6.93911e-09,-3.38325e-09,-3.00324e-11,0,-7.44319e-08,-3.25318e-07,-0.0523294,4.07585e-07,-3.4013e-07,6.46184e-11,-3.09648e-10,-1.90928e-10,-1.25984e-10,-3.18647e-10,1.79869e-10,-5.85469e-12,0,0.000428106,-0.000389691,0.0358471,-8.85315,-6.87142e-05,0.00012674,0.000226597,0.000117785,9.41886e-05,0.000222985,-0.000112144,3.4919e-06,3.52366e-13,3.14691e-06,0.0034766,7.38529e-05,-0.0520237,-1.66657e-07,8.68463e-07,1.66452e-05,8.64988e-06,7.76892e-06,1.63796e-05,-8.23826e-06,2.55994e-07,0,-2.67046e-05,-4.23204e-06,-0.00715233,-1.20334e-05,-8.84834,-0.00042551,2.23401e-06,-4.99358e-06,5.33696e-06,-9.78991e-06,3.2433e-06,-3.04058e-07,7.45389e-14,-0.000849642,1.12317e-07,-1.59783e-05,-2.58889e-08,-0.0519646,-2.11789e-06,1.64266e-07,-3.66863e-07,4.40584e-07,-7.19728e-07,2.38446e-07,-2.24774e-08,0,3.80062e-07,-5.06941e-07,0.000150986,-0.000352835,-0.00495865,3.64965e-08,2.93495e-07,1.17822e-07,1.46861e-07,2.21191e-07,-1.2072e-07,2.60675e-09,-6.8431e-14,-9.68726e-08,-2.10859e-07,8.91825e-07,-2.05875e-06,-2.89707e-05,0.000644047,1.11116e-08,4.38998e-09,5.47303e-09,8.23621e-09,-4.52074e-09,9.40785e-11,0,0,0,0,0,0,0,0,-1.05439e-17,-2.10364e-18,1.10342e-17,3.07471e-18,3.54044e-18,8.39884e-20,0,0,0,0,0,0,1,-3.16537e-19,4.53199e-19,3.02325e-19,3.96434e-20,7.19678e-20,1.44204e-21,0,0,0,0,0,-7.88861e-25,-7.88861e-25,-4.50035e-18,-1.44835e-17,-9.79441e-19,6.75652e-17,-5.02042e-19,3.58969e-19,-7.88861e-25,-7.88861e-25,0,0,0,0,0,1,2.1248e-19,-7.74251e-20,1.47737e-18,-5.93302e-21,6.09474e-21,0,0,0,0,0,0,0,1.1201e-17,8.05955e-17,-6.99673e-17,-2.22553e-16,-5.36463e-18,-6.39375e-19,0,0,0,0,0,0,0,5.44721e-19,1,-1.59037e-18,-4.94178e-18,-1.04338e-19,-1.11072e-20,0,0,0,0,0,0,6.31089e-24,-7.26314e-18,-7.80378e-18,5.22624e-17,-1.52589e-16,2.38272e-17,9.94722e-19,0,0,0,0,0,0,0,2.41909e-19,-4.81148e-19,1,-2.86183e-18,5.29515e-19,1.79292e-20,0,0,0,0,0,0,0,-3.17131e-17,1.19543e-17,7.14152e-17,-3.3337e-16,-2.09197e-16,-8.15132e-18,0,0,0,0,0,0,-2.52435e-23,-5.16735e-20,-1.7933e-19,-5.43948e-19,1,-4.78656e-18,-1.41768e-19,0,0,0,0,0,0,0,5.89219e-17,-6.34047e-17,-1.62551e-17,2.63248e-16,-2.00347e-16,4.80375e-18,0,0,0,0,0,0,0,2.02554e-19,-1.23279e-18,8.64137e-19,5.31074e-18,1,7.27014e-20,0,0,0,0,0,0,0,-4.48035e-17,2.44794e-17,-2.87607e-17,5.61546e-17,8.19823e-16,-4.22247e-16,0,0,0,0,0,0,0,-1.6479e-19,-1.9387e-20,4.42671e-19,1.08567e-18,1.85954e-17,1,
0.000341655,1.92783e-05,-0.000882012,4.9118e-05,-0.358138,-8.85172e-05,-8.58527e-06,6.94123e-05,-5.4641e-05,0.000130893,-4.61543e-05,4.59792e-06,1.01644e-14,0.000786528,7.81293e-08,-5.10449e-06,2.88692e-07,-0.00211049,-4.06943e-07,-3.46201e-07,2.79892e-06,-2.18085e-06,5.278e-06,-1.86108e-06,1.85406e-07,0,-0.00125752,0.00114455,0.0023583,0.358348,7.13767e-05,-0.000693462,-0.000665534,-0.000345927,-0.000276622,-0.000654969,0.000329393,-1.02442e-05,1.35525e-14,-6.06485e-06,0.000682905,1.48875e-05,0.00211292,3.47599e-07,-3.18504e-06,-2.70603e-05,-1.40652e-05,-1.11602e-05,-2.66306e-05,1.33929e-05,-4.16514e-07,0,-3.44505e-10,2.52294e-10,-8.91583,2.88927e-05,-1.64562e-05,-2.85091e-10,-1.73283e-10,-2.15214e-11,1.60354e-10,-1.13679e-10,-2.31477e-11,-2.96258e-11,-5.42101e-14,-6.01822e-09,-2.71212e-08,-0.0524606,3.50905e-08,-3.83184e-08,1.23247e-10,-5.12828e-11,-2.63461e-11,-1.79435e-11,-4.97107e-11,2.50722e-11,-8.40257e-13,0,0.000423726,-0.000385651,0.00506033,-8.91128,-2.3687e-05,0.000198404,0.000224248,0.000116568,9.32041e-05,0.000220695,-0.000110989,3.45405e-06,-1.21973e-13,3.18479e-06,0.00358522,4.25797e-06,-0.0521465,-7.4185e-08,1.2259e-06,1.66963e-05,8.67819e-06,7.80268e-06,1.6431e-05,-8.26346e-06,2.56709e-07,0,2.84024e-05,1.58886e-06,-0.000695912,-8.72066e-07,-8.90638,-0.000126989,-7.0585e-07,5.77181e-06,-4.53699e-06,1.08833e-05,-3.83872e-06,3.8232e-07,5.0822e-14,-0.000875825,1.33475e-07,-1.91698e-06,-2.2447e-09,-0.0520861,-6.41623e-07,-5.24702e-08,4.30111e-07,-3.80087e-07,8.10809e-07,-2.8616e-07,2.85361e-08,0,7.00785e-08,-4.67568e-08,8.80911e-05,0.000150885,-0.00201965,-3.43655e-10,2.73227e-08,1.80115e-08,8.72344e-09,3.40734e-08,-1.61217e-08,6.64422e-10,1.91332e-13,-1.66691e-07,-9.02349e-08,5.15598e-07,8.85125e-07,-1.18403e-05,0.000645148,8.90799e-10,6.52542e-10,2.04361e-10,1.23405e-09,-5.70041e-10,2.61738e-11,0,1.57772e-24,0,4.73317e-24,3.15544e-24,0,-1.57772e-24,-4.25985e-23,-8.92536e-15,9.80321e-15,6.35428e-16,-4.99233e-16,4.82013e-16,-4.84097e-16,-1.57772e-24,-1.57772e-24,4.73317e-24,0,1.57772e-24,-1.57772e-24,1,-2.00582e-16,1.71348e-16,1.39799e-17,-1.12806e-17,1.08335e-17,-8.47169e-18,3.9443e-25,-3.9443e-25,-3.9443e-25,1.18329e-24,-2.36658e-24,3.9443e-25,-9.348e-23,-5.81376e-15,4.46927e-15,-7.97927e-15,9.44723e-15,3.63417e-16,-5.96095e-15,0,0,-3.9443e-25,-3.9443e-25,-3.9443e-25,1.18329e-24,1.89327e-23,1,7.81733e-17,-1.79894e-16,2.12557e-16,8.18546e-18,-1.04317e-16,3.15544e-24,0,3.15544e-24,0,6.31089e-24,-6.31089e-24,2.36658e-22,1.48623e-14,-8.68548e-15,-1.36417e-14,-3.52913e-14,-4.27189e-15,2.25023e-14,-3.15544e-24,-3.15544e-24,3.15544e-24,0,3.15544e-24,0,-1.89327e-23,3.33917e-16,1,-3.06262e-16,-7.94006e-16,-9.60968e-17,3.9379e-16,0,1.26218e-23,2.52435e-23,1.26218e-23,1.26218e-23,0,4.41762e-22,6.58248e-15,-1.15736e-14,1.07588e-14,-3.72784e-14,3.84891e-14,-1.09624e-14,-1.26218e-23,0,2.52435e-23,0,1.26218e-23,0,6.56332e-22,1.47199e-16,-2.02644e-16,1,-8.38152e-16,8.66005e-16,-1.91843e-16,-1.00974e-22,-5.04871e-23,5.04871e-23,0,5.04871e-23,-5.04871e-23,7.06819e-22,-1.55084e-15,-5.04913e-15,-1.32203e-14,-1.05968e-13,1.07941e-13,-1.07565e-13,5.04871e-23,0,5.04871e-23,1.00974e-22,5.04871e-23,-5.04871e-23,2.77679e-21,-3.73904e-17,-8.96164e-17,-2.96416e-16,1,2.42859e-15,-1.88239e-15,0,0,0,0,0,0,-4.64481e-21,5.98275e-15,-3.3142e-14,3.60907e-14,9.88635e-14,1.91948e-14,7.37958e-14,0,0,0,0,0,0,-3.33215e-21,1.34951e-16,-5.78209e-16,8.13325e-16,2.22362e-15,1,1.29136e-15,0,0,0,3.23117e-21,0,3.23117e-21,1.74483e-19,-5.12049e-15,-1.93107e-15,3.32484e-15,1.92416e-14,9.29709e-14,-7.7232e-14,-3.23117e-21,6.46235e-21,0,-6.46235e-21,-3.23117e-21,0,7.10858e-20,-1.13531e-16,-3.52909e-17,7.36837e-17,4.33003e-16,2.09219e-15,1,
0.00034183,1.92909e-05,-0.000578459,4.96156e-05,-0.358469,-8.8008e-05,-8.5912e-06,6.94499e-05,-5.46702e-05,0.00013096,-4.61777e-05,4.60096e-06,3.38813e-15,0.000786774,7.79475e-08,-3.42562e-06,2.91304e-07,-0.00211126,-4.04406e-07,-3.46438e-07,2.80034e-06,-2.18193e-06,5.28055e-06,-1.86197e-06,1.85519e-07,0,-0.00125822,0.00114506,0.00168245,0.358677,0.000377197,-0.000693923,-0.000665828,-0.000346043,-0.000276724,-0.0006553,0.000329557,-1.023e-05,0,-6.06906e-06,0.000682859,1.03812e-05,0.00211368,3.56155e-07,-3.18729e-06,-2.70717e-05,-1.40695e-05,-1.1164e-05,-2.66435e-05,1.33993e-05,-4.15919e-07,0,-9.62765e-10,8.03787e-10,-8.92313,6.77531e-06,-2.20924e-06,-4.89375e-10,-5.72052e-10,-4.1031e-10,-3.57787e-10,-5.64171e-10,3.87819e-10,-1.35119e-11,2.03288e-14,-6.32503e-10,-3.86294e-09,-0.052475,-6.61199e-09,-1.01824e-08,4.47775e-11,-1.97731e-11,-1.03474e-11,-6.20028e-12,-1.95224e-11,9.77815e-12,-3.25261e-13,0,0.000423555,-0.000385435,0.00131654,-8.91859,-0.000122656,0.00021876,0.000224123,0.000116459,9.31449e-05,0.000220584,-0.000110935,3.43521e-06,4.74338e-14,3.18871e-06,0.00359468,-3.09409e-06,-0.0521602,-6.79053e-08,1.32525e-06,1.67037e-05,8.6809e-06,7.80681e-06,1.64396e-05,-8.26765e-06,2.56511e-07,0,2.83896e-05,1.58822e-06,-7.97877e-05,-3.12484e-08,-8.91368,-5.43258e-05,-7.05548e-07,5.76907e-06,-4.53497e-06,1.08784e-05,-3.83711e-06,3.81984e-07,-8.47033e-15,-0.000878136,1.32805e-07,-5.9533e-07,-3.98302e-10,-0.0520998,-2.96746e-07,-5.27011e-08,4.30133e-07,-3.80428e-07,8.11392e-07,-2.86238e-07,2.84748e-08,0,7.72783e-09,-2.49246e-09,1.9921e-05,9.56848e-05,-0.00135477,-6.61359e-09,1.48517e-09,1.78789e-09,-8.49223e-11,3.37791e-09,-1.42806e-09,8.79175e-11,9.14655e-16,-1.2966e-07,-4.15382e-08,1.16344e-07,5.63677e-07,-7.97907e-06,0.000645244,-3.26601e-11,5.39627e-11,-7.94985e-11,1.01805e-10,-3.23357e-11,4.03851e-12,-1.08567e-17,1.43762e-20,-4.80117e-20,-4.85938e-21,1.86061e-20,1.10878e-19,4.69325e-20,-6.12077e-20,2.3949e-16,1.83141e-15,7.4989e-16,-7.66814e-16,2.69683e-16,-2.41259e-16,3.11285e-21,-2.93803e-20,1.44141e-20,2.42669e-20,2.79809e-20,-6.04835e-20,1,4.02849e-18,2.90227e-17,1.7662e-17,-1.69485e-17,9.98215e-18,-4.19528e-18,2.8339e-20,-9.46412e-20,-9.57717e-21,3.66753e-20,2.18561e-19,9.25137e-20,-1.16617e-19,5.81446e-16,1.85875e-15,1.59581e-15,-3.82041e-17,3.41888e-16,-2.80455e-15,6.13694e-21,-5.79158e-20,2.84136e-20,4.7833e-20,5.5156e-20,-1.19226e-19,3.9443e-24,1,2.87307e-17,3.43895e-17,-6.43433e-18,4.33087e-17,-5.18757e-17,-3.5748e-20,1.19383e-19,1.2079e-20,-4.62651e-20,-2.75704e-19,-1.16704e-19,1.52424e-19,-8.6463e-16,-1.36285e-15,-3.13777e-15,7.31649e-17,-4.04286e-15,1.14005e-14,-7.7403e-21,7.3058e-20,-3.58427e-20,-6.03415e-20,-6.95775e-20,1.50398e-19,9.46633e-24,-1.75394e-17,1,-7.12975e-17,3.82088e-18,-1.08159e-16,1.9797e-16,-1.71744e-19,5.73533e-19,5.80349e-20,-2.22257e-19,-1.32452e-18,-5.60647e-19,7.22963e-19,-9.12517e-16,-1.75629e-15,1.55129e-15,2.64462e-15,1.73565e-14,-5.75789e-15,-3.71837e-20,3.50986e-19,-1.72186e-19,-2.89884e-19,-3.3425e-19,7.22533e-19,6.18467e-22,-8.8371e-18,-2.73974e-17,1,2.16462e-17,3.77606e-16,-9.8343e-17,-4.01625e-19,1.34134e-18,1.35709e-19,-5.19765e-19,-3.09759e-18,-1.3112e-18,1.68253e-18,-4.66565e-16,-5.59641e-16,2.02003e-15,4.82708e-15,6.46318e-14,-5.54034e-14,-8.69893e-20,8.20819e-19,-4.02685e-19,-6.77941e-19,-7.81742e-19,1.6898e-18,2.52435e-21,-3.72423e-18,-1.0882e-17,4.09725e-17,1,1.41186e-15,-9.43347e-16,1.65497e-19,-5.52834e-19,-5.58387e-20,2.14166e-19,1.27652e-18,5.40414e-19,-7.14998e-19,6.70115e-17,-1.80113e-15,-2.51969e-15,-2.81466e-15,3.40612e-14,1.69591e-14,3.58458e-20,-3.38264e-19,1.65901e-19,2.79396e-19,3.2231e-19,-6.96318e-19,-3.83702e-21,3.68687e-18,-2.21741e-17,-4.26648e-17,-1.21292e-17,1,6.18079e-16,-8.22334e-18,2.7465e-17,2.78204e-18,-1.06403e-17,-6.34247e-17,-2.68446e-17,3.46414e-17,-5.54793e-18,2.03066e-16,-1.47555e-16,-1.51247e-15,-3.29334e-14,2.61561e-13,-1.78038e-18,1.68053e-17,-8.24596e-18,-1.38779e-17,-1.6004e-17,3.45962e-17,1.00166e-19,-4.91462e-18,-6.91471e-19,1.35709e-19,-6.77254e-18,-2.55689e-16,1,
0.000341436,1.91389e-05,-0.000511097,4.85584e-05,-0.358531,-0.000412479,-8.50687e-06,6.93817e-05,-5.45562e-05,0.000130828,-4.61416e-05,4.59561e-06,0,0.000786806,7.76706e-08,-3.04837e-06,2.84916e-07,-0.00211141,-1.89163e-06,-3.43016e-07,2.79757e-06,-2.17734e-06,5.27518e-06,-1.86049e-06,1.85305e-07,0,-0.00428922,-1.68522e-05,0.00639125,0.358741,0.000434173,-0.000351924,-2.1362e-05,-0.000876327,0.000597226,-0.00167263,0.000608652,-5.28517e-05,0,-2.06534e-05,0.000677243,3.87322e-05,0.0021139,5.13692e-07,-1.6163e-06,-8.685e-07,-3.56309e-05,2.40946e-05,-6.80083e-05,2.47474e-05,-2.14891e-06,0,-8.20174e-09,-5.17215e-11,-8.92447,-6.45743e-06,-7.30415e-09,-6.79242e-10,-6.3685e-11,-1.56192e-09,9.68396e-10,-3.40635e-09,1.00222e-09,-1.40413e-10,0,1.04909e-10,4.61521e-09,-0.0524775,-8.62284e-08,-6.376e-09,-1.38363e-11,-1.37558e-12,-5.7666e-11,2.90854e-11,-1.09834e-10,3.99689e-11,-3.47961e-12,0,0.00144369,5.72453e-06,-0.000181151,-8.91991,-0.000171141,0.000108449,7.16043e-06,0.000294956,-0.000201038,0.000562976,-0.000204856,1.779e-05,0,9.66327e-06,0.00359849,-2.26803e-05,-0.0521626,-2.29948e-07,6.5535e-07,5.3526e-07,2.19856e-05,-1.68486e-05,4.19638e-05,-1.52702e-05,1.32585e-06,0,2.83887e-05,1.58936e-06,1.40934e-05,-1.16436e-07,-8.91501,-3.81165e-05,-7.06122e-07,5.76867e-06,-4.53532e-06,1.0878e-05,-3.83686e-06,3.81862e-07,0,-0.00087846,1.32742e-07,-4.15371e-07,-2.07592e-09,-0.0521022,-2.98698e-07,-5.25901e-08,4.30354e-07,-3.80359e-07,8.1148e-07,-2.8622e-07,2.85817e-08,0,-1.28334e-08,-4.47953e-11,-1.18136e-05,8.32349e-05,-0.00493988,-2.28515e-08,-6.7996e-11,-2.62187e-09,1.78398e-09,-5.00557e-09,1.82129e-09,-1.5842e-10,0,-5.01188e-07,-3.36247e-08,-6.94637e-08,4.91354e-07,-2.9151e-05,0.000645257,-1.7905e-11,-8.86092e-11,4.13893e-11,-1.71779e-10,6.50147e-11,-5.0542e-12,1.29247e-17,0,0,0,0,0,0,-1.10441e-23,8.00211e-16,-4.59125e-15,-2.52124e-15,2.53576e-16,-2.07979e-16,-2.92075e-16,0,0,0,0,0,0,1,1.82053e-17,-8.1698e-17,-5.65723e-17,5.74304e-18,-4.67922e-18,-5.11191e-18,-2.46519e-25,0,7.88861e-25,1.08468e-24,-9.86076e-26,0,-1.51264e-22,1.07654e-15,8.3883e-16,-1.40062e-15,-8.67533e-15,5.86507e-16,-3.48086e-15,-7.88861e-25,0,-1.08468e-24,1.97215e-25,9.86076e-26,6.90253e-25,1.4096e-22,1,1.33459e-17,-3.16276e-17,-1.95059e-16,1.32134e-17,-6.09163e-17,3.15544e-24,0,0,0,0,0,1.57772e-22,-2.16068e-15,2.33941e-15,9.26356e-15,2.56554e-14,7.18945e-16,1.29723e-14,0,0,0,0,0,0,-1.41995e-22,-4.87762e-17,1,2.0819e-16,5.77135e-16,1.61705e-17,2.27017e-16,0,0,0,0,1.26218e-23,0,-4.60695e-22,-9.18486e-16,3.89781e-15,-1.69305e-15,6.91622e-15,9.53443e-15,-6.66878e-15,0,0,0,0,1.26218e-23,-1.26218e-23,-7.57306e-23,-2.33854e-17,6.85439e-17,1,1.55965e-16,2.14558e-16,-1.16703e-16,0,0,-2.52435e-23,-5.04871e-23,2.52435e-23,0,-2.52435e-21,6.35772e-17,3.38625e-15,3.93222e-15,1.45168e-14,1.19021e-13,-5.84629e-14,2.52435e-23,0,5.04871e-23,2.52435e-23,5.04871e-23,-5.04871e-23,-1.76705e-22,-4.23261e-18,5.55909e-17,8.72945e-17,1,2.67807e-15,-1.0231e-15,-5.04871e-23,0,0,5.04871e-23,0,0,-4.03897e-22,-8.75736e-17,2.29275e-15,-1.71433e-16,-1.15789e-14,6.81489e-14,4.27703e-14,0,0,-5.04871e-23,0,0,0,-4.08945e-21,-1.34508e-18,4.35977e-17,-2.16559e-18,-2.61098e-16,1,7.48505e-16,0,0,0,0,0,0,1.0986e-19,-1.83036e-16,-1.37105e-16,-2.02207e-15,-2.15002e-15,-1.4213e-13,1.98346e-14,0,0,0,0,0,0,3.23117e-21,-2.00494e-18,-2.39268e-18,-4.4839e-17,-4.89216e-17,-3.19736e-15,1,
0.000341443,1.91507e-05,-0.000496265,4.79857e-05,-0.358544,-0.000412196,-8.51358e-06,6.93824e-05,-5.45618e-05,0.000130829,-4.6141e-05,4.59581e-06,-6.77626e-15,0.000786813,7.79592e-08,-2.96505e-06,2.81541e-07,-0.00211144,-1.89269e-06,-3.43284e-07,2.79759e-06,-2.17756e-06,5.27521e-06,-1.86047e-06,1.85313e-07,-3.38813e-15,-0.00428936,-1.7087e-05,0.00614389,0.358761,0.000434863,-0.00035192,-2.12283e-05,-0.000876341,0.000597338,-0.00167266,0.000608642,-5.28555e-05,0,-2.06542e-05,0.000677237,3.75391e-05,0.00211398,5.15466e-07,-1.61629e-06,-8.63082e-07,-3.56314e-05,2.40991e-05,-6.80091e-05,2.4747e-05,-2.14907e-06,0,-9.33287e-09,-6.32448e-11,-8.92475,3.3211e-06,4.30569e-07,-9.45067e-10,-7.66954e-11,-1.96636e-09,1.51393e-09,-3.93093e-09,1.39207e-09,-1.9058e-10,-1.927e-14,-1.60665e-10,-1.66288e-10,-0.052478,-6.98375e-08,-5.24865e-09,6.92873e-13,-1.67564e-12,-6.85464e-11,3.41905e-11,-1.3069e-10,4.75533e-11,-4.09477e-12,-9.1056e-15,0.00144371,5.80471e-06,0.00136565,-8.92018,-0.00017022,0.000109534,7.11445e-06,0.000294955,-0.000201073,0.000562975,-0.00020485,1.77908e-05,-3.0832e-13,9.66393e-06,0.00359874,-1.9979e-05,-0.0521631,-2.27677e-07,6.60501e-07,5.32269e-07,2.19861e-05,-1.68517e-05,4.19649e-05,-1.52699e-05,1.3262e-06,2.4564e-13,2.83888e-05,1.59028e-06,3.26937e-05,1.48944e-07,-8.91529,-0.000112256,-7.06854e-07,5.76891e-06,-4.53565e-06,1.0878e-05,-3.8365e-06,3.82174e-07,4.65339e-14,-0.000878522,1.32537e-07,-3.81422e-07,-1.64473e-09,-0.0521027,-6.97854e-07,-5.25922e-08,4.30268e-07,-3.80358e-07,8.11359e-07,-2.86276e-07,2.85981e-08,-5.61424e-14,-1.00774e-08,3.43151e-10,-2.71248e-06,8.0441e-05,-0.00481458,-6.2326e-08,-2.69955e-10,-2.06683e-09,1.25228e-09,-3.9797e-09,1.47995e-09,-1.15479e-10,4.90097e-14,-4.79892e-07,-3.20232e-08,-1.58803e-08,4.7513e-07,-2.84217e-05,0.00064526,-2.61104e-11,-6.72959e-11,2.09224e-11,-1.3108e-10,5.08803e-11,-3.13437e-12,-6.9211e-14,-2.42496e-21,8.33432e-20,-4.91555e-20,-5.45434e-20,8.60174e-21,-1.10239e-19,7.69502e-20,-1.70638e-15,1.55026e-15,8.95074e-16,1.75228e-15,-9.04937e-16,1.08155e-15,8.90829e-20,5.24829e-20,-4.96493e-20,7.34587e-20,3.37632e-21,-2.91374e-20,1,-3.69948e-17,3.43438e-17,2.94708e-17,3.86031e-17,-2.16339e-17,1.89351e-17,-3.17438e-21,1.09138e-19,-6.43691e-20,-7.1429e-20,1.12645e-20,-1.4436e-19,1.07225e-19,-2.9683e-15,-6.21418e-15,-1.32517e-15,1.20788e-14,-5.69289e-15,1.32399e-14,1.16656e-19,6.87275e-20,-6.50199e-20,9.61937e-20,4.42157e-21,-3.81544e-20,-3.08445e-22,1,-1.00243e-16,-5.20287e-17,2.87769e-16,-1.39702e-16,2.3095e-16,6.07738e-21,-2.08969e-19,1.23255e-19,1.36766e-19,-2.15675e-20,2.76414e-19,-1.9452e-19,5.34317e-15,-7.24883e-17,-3.66017e-15,-3.55402e-14,1.21281e-14,-4.99014e-14,-2.23361e-19,-1.31598e-19,1.24498e-19,-1.84186e-19,-8.4629e-21,7.30611e-20,1.32529e-22,1.18173e-16,1,-8.97573e-17,-8.06039e-16,2.7848e-16,-8.73688e-16,2.13687e-20,-7.34385e-19,4.33154e-19,4.8065e-19,-7.58064e-20,9.71397e-19,-6.65168e-19,3.16169e-15,-6.79577e-16,4.02082e-15,-1.67649e-14,-6.04694e-14,2.50827e-14,-7.84986e-19,-4.62474e-19,4.37496e-19,-6.47295e-19,-2.97621e-20,2.56752e-19,-2.37289e-21,5.78666e-17,-2.01294e-17,1,-2.6962e-16,-1.35637e-15,4.3959e-16,1.02236e-19,-3.51471e-18,2.073e-18,2.30039e-18,-3.6275e-19,4.649e-18,-3.15716e-18,1.04437e-15,-2.75628e-15,-8.05453e-15,-3.34567e-14,-3.43498e-13,2.32779e-13,-3.75685e-18,-2.21335e-18,2.09385e-18,-3.09789e-18,-1.42424e-19,1.22875e-18,-1.02489e-20,1.64686e-17,-4.88919e-17,-2.38422e-16,1,-7.71493e-15,4.08063e-15,3.29378e-19,-1.13273e-17,6.68086e-18,7.41353e-18,-1.16888e-18,1.4983e-17,-1.02503e-17,-2.30929e-16,1.38075e-15,-2.45019e-15,2.38237e-14,-5.25006e-14,-1.6405e-13,-1.21076e-17,-7.13322e-18,6.74831e-18,-9.98392e-18,-4.59029e-19,3.96031e-18,2.21133e-20,-8.55726e-18,3.11152e-18,1.24243e-16,3.89121e-16,1,-2.78494e-15,-6.31048e-18,2.16957e-16,-1.27961e-16,-1.41994e-16,2.2392e-17,-2.86977e-16,1.9398e-16,5.22723e-16,-4.39727e-16,3.58912e-16,7.17751e-15,2.36738e-13,1.12028e-13,2.31901e-16,1.36624e-16,-1.2925e-16,1.91227e-16,8.78879e-18,-7.58518e-17,-3.48967e-19,1.72222e-17,5.27328e-18,6.10821e-17,8.48022e-17,5.16857e-15,1,
0.000342575,1.92319e-05,-0.000498805,0.00027621,-0.358547,-0.000403098,-8.55195e-06,6.9611e-05,-5.47496e-05,0.00013126,-4.62917e-05,4.61112e-06,3.38813e-15,0.00077965,7.55603e-08,-2.98491e-06,4.5014e-07,-0.00339173,-1.65689e-06,-3.44499e-07,2.80408e-06,-2.18159e-06,5.28746e-06,-1.86472e-06,1.85755e-07,0,-0.00420746,3.56746e-05,0.00616213,0.357026,0.000432813,-0.00037189,-5.08963e-05,-0.000863665,0.000565327,-0.00164823,0.000603906,-5.16061e-05,5.42101e-14,-2.028e-05,0.000648323,3.78856e-05,0.00339376,6.25718e-07,-1.52871e-06,-2.06109e-06,-3.49755e-05,2.26601e-05,-6.67476e-05,2.44561e-05,-2.08985e-06,0,-3.18906e-09,5.86674e-11,-8.92481,6.53935e-06,5.26503e-07,-2.42841e-10,-8.43964e-11,-4.93104e-10,3.73364e-10,-1.19348e-09,4.37112e-10,-8.58943e-11,3.01755e-15,1.19412e-10,2.59871e-09,-0.0524781,-2.09272e-07,-1.73631e-08,-2.44231e-12,-9.97699e-13,-1.8869e-11,9.15579e-12,-3.59497e-11,1.32319e-11,-1.11766e-12,0,0.00279387,-2.36572e-05,-0.00550891,-8.87697,-0.000167887,0.000229799,3.37784e-05,0.000573494,-0.000375404,0.00109446,-0.000401005,3.42683e-05,-3.34578e-14,1.66142e-05,0.0043528,-6.67737e-05,-0.0847715,-1.78081e-07,1.10867e-06,1.73874e-06,2.95047e-05,-1.95976e-05,5.63065e-05,-2.06305e-05,1.7625e-06,0,5.67723e-05,3.18146e-06,-0.000111497,0.00568801,-8.91535,-0.000271086,-1.41371e-06,1.15363e-05,-9.07099e-06,2.17537e-05,-7.67245e-06,7.64115e-07,-7.70271e-15,-0.00106377,1.66939e-07,-1.35163e-06,-1.01372e-08,-0.0847262,-1.29696e-06,-7.27763e-08,5.93653e-07,-4.73838e-07,1.1198e-06,-3.94701e-07,3.95467e-08,0,-6.30893e-09,1.57671e-09,1.09386e-06,8.23768e-05,-0.00462312,-1.42868e-07,-9.49659e-10,-1.34349e-09,2.47295e-10,-2.67342e-09,1.10351e-09,-4.88368e-11,1.38484e-13,-5.5334e-07,-3.83383e-08,6.44802e-09,7.61222e-07,-4.40907e-05,0.00064526,-4.98252e-11,-4.45669e-11,-7.30364e-12,-9.06214e-11,4.00876e-11,-9.56666e-13,3.10193e-19,0,0,-3.15544e-24,0,3.15544e-24,0,-6.31089e-24,-2.72691e-15,3.91681e-15,2.92462e-15,2.58228e-15,-1.36786e-15,1.74981e-15,-6.31089e-24,3.15544e-24,3.15544e-24,0,0,-6.31089e-24,1,-6.25084e-17,7.97012e-17,6.59424e-17,5.81769e-17,-3.07926e-17,3.06216e-17,-4.73317e-24,7.88861e-25,-4.73317e-24,7.88861e-25,3.15544e-24,7.88861e-25,2.05893e-22,-4.51474e-15,-9.57449e-15,-2.99663e-15,2.29278e-14,-9.66171e-15,2.13096e-14,-2.36658e-24,2.36658e-24,0,3.9443e-24,0,-3.15544e-24,3.23433e-23,1,-1.55372e-16,-6.76629e-17,5.15121e-16,-2.17561e-16,3.72914e-16,1.26218e-23,6.31089e-24,6.31089e-24,-6.31089e-24,6.31089e-24,-6.31089e-24,-6.31089e-24,8.65995e-15,-1.01963e-15,-9.59977e-15,-6.49098e-14,1.87167e-14,-8.05447e-14,6.31089e-24,0,-6.31089e-24,-1.26218e-23,0,6.31089e-24,-1.51461e-22,1.9617e-16,1,-2.16172e-16,-1.4602e-15,4.21201e-16,-1.40953e-15,5.04871e-23,1.26218e-23,2.52435e-23,1.26218e-23,-1.26218e-23,-2.52435e-23,4.79627e-22,3.91961e-15,-2.29075e-15,-5.78271e-16,-2.12913e-14,-9.53374e-14,4.057e-14,1.26218e-23,0,1.26218e-23,-1.26218e-23,0,0,-1.41364e-21,9.58733e-17,-5.39279e-17,1,-4.84423e-16,-2.145e-15,7.09976e-16,1.00974e-22,0,1.00974e-22,5.04871e-23,-1.00974e-22,0,2.42338e-21,1.37322e-15,-4.96396e-15,-1.71578e-14,-3.62062e-14,-5.64183e-13,3.7545e-13,5.04871e-23,-5.04871e-23,-5.04871e-23,-5.04871e-23,0,1.00974e-22,-5.35163e-21,2.63915e-17,-9.17773e-17,-3.919e-16,1,-1.26938e-14,6.57039e-15,4.03897e-22,0,4.03897e-22,0,-2.01948e-22,0,4.64481e-21,-6.20592e-16,9.26507e-16,8.10997e-15,3.108e-14,-7.65455e-14,-2.57124e-13,2.01948e-22,-2.01948e-22,-2.01948e-22,-2.01948e-22,0,4.03897e-22,1.65598e-20,-1.2339e-17,-1.4942e-17,1.8667e-16,7.06457e-16,1,-4.49929e-15,-6.46235e-21,0,-1.29247e-20,0,6.46235e-21,0,-2.90806e-19,1.12427e-15,-6.61505e-16,4.93726e-15,6.56717e-15,4.03402e-13,4.50756e-14,-6.46235e-21,6.46235e-21,6.46235e-21,0,0,-6.46235e-21,-4.58827e-19,2.58559e-17,9.15069e-18,1.11288e-16,1.51826e-16,9.07444e-15,1,
0.000341867,1.93267e-05,-0.000492887,4.89926e-05,-0.358547,-9.44007e-05,-8.61149e-06,6.94553e-05,-5.46892e-05,0.000130969,-4.61782e-05,4.60182e-06,-6.77626e-15,0.000786817,7.83581e-08,-2.94622e-06,2.87581e-07,-0.00211145,-4.36047e-07,-3.47249e-07,2.80054e-06,-2.18267e-06,5.28089e-06,-1.86197e-06,1.85551e-07,0,-0.00132007,0.00112142,0.00146319,0.358758,0.000380028,-0.000687112,-0.000652716,-0.00035687,-0.000258918,-0.000676068,0.000335261,-1.11001e-05,0,-6.36677e-06,0.000682735,9.3674e-06,0.00211388,3.61808e-07,-3.15605e-06,-2.65385e-05,-1.45098e-05,-1.04456e-05,-2.74879e-05,1.36312e-05,-4.51315e-07,0,-1.30242e-09,1.18636e-09,-8.92482,1.61572e-05,5.32677e-07,-4.5932e-10,-7.34664e-10,-3.17369e-10,-1.49161e-10,-7.04036e-10,3.02996e-10,-2.16429e-11,-3.04402e-14,8.60702e-11,-7.08148e-09,-0.052478,7.6212e-09,-5.39525e-09,5.56681e-11,-2.63801e-11,-1.44285e-11,-7.44787e-12,-2.75042e-11,1.35978e-11,-4.26018e-13,0,0.000444332,-0.000377451,0.00278631,-8.92028,-0.000122643,0.000222638,0.000219694,0.000120119,8.71451e-05,0.00022756,-0.000112846,3.73572e-06,-1.55854e-13,3.32153e-06,0.00359637,-9.53655e-07,-0.0521632,-6.81039e-08,1.34105e-06,1.63759e-05,8.95316e-06,7.30452e-06,1.6961e-05,-8.41085e-06,2.78567e-07,0,2.83903e-05,1.59145e-06,3.70191e-05,3.45091e-07,-8.91536,-0.000136349,-7.07471e-07,5.76895e-06,-4.53613e-06,1.08784e-05,-3.83649e-06,3.82199e-07,9.3306e-15,-0.000878537,1.32246e-07,-3.73729e-07,1.37622e-10,-0.0521027,-7.32778e-07,-5.27157e-08,4.30198e-07,-3.80426e-07,8.11475e-07,-2.86173e-07,2.84665e-08,1.32349e-17,5.84211e-09,5.48214e-09,2.5541e-05,7.96785e-05,-0.00124921,-2.15753e-08,-3.10172e-09,8.05073e-10,-2.95934e-09,1.50462e-09,-1.13078e-10,1.0727e-10,6.78795e-15,-1.12121e-07,-3.16323e-08,1.49551e-07,4.70702e-07,-7.37206e-06,0.000645261,-1.94609e-10,2.05172e-11,-1.76653e-10,3.77984e-11,1.31739e-11,4.89829e-12,-1.40104e-17,0,-3.15544e-24,0,-3.15544e-24,-3.15544e-24,0,-9.46633e-24,1.32982e-16,4.07471e-16,3.22643e-17,-4.07321e-16,1.50537e-16,-1.36953e-16,0,3.15544e-24,0,0,-3.15544e-24,0,1,3.2716e-18,7.26425e-18,9.12475e-19,-9.21854e-18,3.37963e-18,-2.39648e-18,0,0,-7.88861e-25,0,0,-7.88861e-25,-1.81438e-23,2.53146e-16,6.29454e-16,5.4193e-16,-1.49958e-15,9.47827e-16,-1.67487e-15,0,0,0,0,0,0,-7.88861e-24,1,1.15806e-17,1.2013e-17,-3.37705e-17,2.132e-17,-2.93097e-17,0,0,6.31089e-24,0,6.31089e-24,6.31089e-24,5.6798e-23,-4.80781e-16,-2.95118e-17,-1.45556e-16,4.4617e-15,-2.30804e-15,6.36219e-15,0,0,0,0,0,0,6.31089e-24,-1.13843e-17,1,-3.40065e-18,1.00471e-16,-5.19041e-17,1.11338e-16,0,0,0,0,1.26218e-23,0,-1.3884e-22,-1.91086e-16,-3.6405e-16,7.69939e-16,2.27037e-15,8.84917e-15,-3.17422e-15,0,-1.26218e-23,1.26218e-23,-1.26218e-23,0,0,7.57306e-23,-5.62417e-18,-7.07887e-18,1,5.23123e-17,1.99134e-16,-5.55504e-17,0,0,5.04871e-23,0,5.04871e-23,5.04871e-23,-7.06819e-22,-1.44096e-17,-9.72615e-17,1.41064e-15,3.18291e-15,4.04254e-14,-3.00089e-14,0,0,0,0,0,0,2.01948e-22,-1.84253e-18,-2.79734e-18,2.44666e-17,1,9.09641e-16,-5.25162e-16,2.01948e-22,0,0,0,0,0,-8.07794e-22,8.60975e-17,6.94846e-17,-8.18006e-16,-2.75834e-15,-3.09002e-15,1.98798e-14,0,0,0,0,0,0,-6.05845e-22,1.306e-18,3.64921e-19,-1.49458e-17,-6.26052e-17,1,3.47868e-16,0,0,0,0,0,0,2.58494e-20,-1.3843e-16,-7.00389e-17,-5.02079e-16,-6.408e-16,-2.40308e-14,-3.52393e-15,0,0,0,0,0,0,1.9387e-20,-2.10673e-18,-1.09214e-18,-8.62077e-18,-1.54256e-17,-5.40918e-16,1,
0.00034188,1.93329e-05,-0.000492707,4.9574e-05,-0.358548,-8.81596e-05,-8.61497e-06,6.94576e-05,-5.46935e-05,0.000130974,-4.61793e-05,4.602e-06,0,0.000786817,7.81519e-08,-2.94533e-06,2.90986e-07,-0.00211145,-4.05241e-07,-3.47386e-07,2.80064e-06,-2.18284e-06,5.28107e-06,-1.86201e-06,1.85558e-07,0,-0.00125946,0.00114468,0.00144833,0.358756,0.000379057,-0.000693966,-0.000665618,-0.000346267,-0.000276404,-0.00065573,0.000329684,-1.02471e-05,-1.35525e-14,-6.07514e-06,0.000682848,8.98896e-06,0.00211387,3.58696e-07,-3.18755e-06,-2.70631e-05,-1.40787e-05,-1.1151e-05,-2.66609e-05,1.34044e-05,-4.16633e-07,0,-8.62883e-10,9.14949e-10,-8.92483,5.78263e-06,5.48395e-07,-5.67319e-10,-7.17217e-10,-3.96716e-10,-3.0605e-10,-7.16739e-10,3.75668e-10,-1.22245e-11,1.78009e-15,-1.181e-10,-2.50638e-09,-0.052478,-8.38161e-09,-5.17052e-09,-7.7057e-11,-1.64097e-11,-8.61308e-12,-4.85738e-12,-1.63587e-11,8.18749e-12,-2.41616e-13,7.27919e-17,0.00042393,-0.000385282,0.0011143,-8.92028,-0.000122405,0.000224979,0.000224038,0.000116551,9.30317e-05,0.000220714,-0.000110969,3.44935e-06,1.69407e-13,3.19203e-06,0.00359633,-3.48616e-06,-0.0521632,-6.60379e-08,1.35538e-06,1.66994e-05,8.68701e-06,7.79805e-06,1.64511e-05,-8.27129e-06,2.57201e-07,0,2.83907e-05,1.59182e-06,3.77047e-05,1.80425e-07,-8.91537,-6.40774e-05,-7.07606e-07,5.76894e-06,-4.53649e-06,1.08785e-05,-3.83669e-06,3.82083e-07,1.02678e-14,-0.000878538,1.32434e-07,-3.72535e-07,-1.25958e-10,-0.0521028,-3.4425e-07,-5.26423e-08,4.30318e-07,-3.80427e-07,8.11407e-07,-2.86007e-07,2.84358e-08,0,-9.24185e-10,5.23471e-09,6.37677e-06,7.9646e-05,-0.00116621,-1.12369e-08,-3.00972e-09,-5.82529e-10,-1.93082e-09,-1.10928e-09,8.2042e-10,1.66071e-11,-7.45704e-14,-1.12513e-07,-3.16048e-08,3.7231e-08,4.70512e-07,-6.88514e-06,0.000645261,-1.91737e-10,-3.37743e-11,-1.38171e-10,-6.44275e-11,4.98471e-11,1.13177e-12,0,0,0,0,0,0,0,0,3.38621e-17,-6.48947e-16,-1.68177e-16,1.39468e-16,-8.45273e-17,3.63468e-17,0,0,3.15544e-24,0,0,0,1,-3.18113e-19,-7.01858e-18,-4.57501e-18,3.07723e-18,-1.9403e-18,6.36235e-19,7.88861e-25,0,0,-7.88861e-25,0,-7.88861e-25,1.02552e-23,6.73189e-17,-5.62042e-16,-3.83869e-16,-1.95285e-16,-3.17175e-16,4.53317e-16,-7.88861e-25,7.88861e-25,0,2.36658e-24,7.88861e-25,-7.88861e-25,-7.88861e-25,1,-4.99936e-18,-6.94974e-18,-3.98214e-18,-7.46616e-18,7.92562e-18,6.31089e-24,6.31089e-24,-6.31089e-24,-6.31089e-24,-6.31089e-24,0,-2.52435e-23,3.69605e-17,9.40669e-16,7.72169e-16,6.65587e-16,8.64256e-16,-1.73527e-15,0,6.31089e-24,0,6.31089e-24,6.31089e-24,0,6.31089e-24,2.08868e-18,1,1.81131e-17,1.48993e-17,1.96146e-17,-3.03721e-17,0,0,-1.26218e-23,0,0,0,8.83524e-23,-3.97266e-16,6.62425e-16,-6.39597e-16,-9.49449e-17,-2.7882e-15,8.56881e-16,0,0,0,0,0,0,0,1.07975e-18,6.4572e-18,1,1.12041e-18,-6.26045e-17,1.50033e-17,0,0,0,0,0,0,4.54384e-22,-1.62962e-16,3.1112e-16,-6.50995e-16,5.26934e-18,-8.52158e-15,8.34239e-15,0,0,0,0,0,0,5.04871e-23,5.8454e-19,3.08512e-18,-5.47512e-18,1,-1.91334e-16,1.46074e-16,0,2.01948e-22,-2.01948e-22,-2.01948e-22,-2.01948e-22,0,0,-1.80734e-16,1.00196e-15,9.24321e-16,-9.29447e-17,5.02318e-15,-5.42938e-15,0,2.01948e-22,0,2.01948e-22,2.01948e-22,0,2.01948e-22,-7.06819e-19,5.31791e-18,7.86104e-18,-5.50047e-18,1,-9.40837e-17,-6.46235e-21,-6.46235e-21,0,6.46235e-21,0,6.46235e-21,-6.46235e-21,2.2898e-16,-5.06196e-16,2.32373e-16,9.72842e-17,-1.31456e-15,5.54223e-15,6.46235e-21,0,0,-6.46235e-21,-6.46235e-21,-6.46235e-21,-1.29247e-20,8.40105e-19,5.16988e-20,-1.28601e-18,-3.23117e-19,-3.41406e-17,1,
0.000341885,1.9336e-05,-0.000492668,3.04779e-05,-0.358548,-8.80065e-05,-8.61666e-06,6.94583e-05,-5.46954e-05,0.000130975,-4.61796e-05,4.60207e-06,-6.77626e-15,0.000786817,7.81169e-08,-2.94514e-06,2.91805e-07,-0.00211145,-4.04345e-07,-3.47458e-07,2.80067e-06,-2.18292e-06,5.28112e-06,-1.86203e-06,1.85569e-07,3.38813e-15,-0.00125955,0.00114466,0.00147189,0.36544,0.000379194,-0.000693968,-0.000665607,-0.000346284,-0.000276383,-0.000655763,0.000329694,-1.02482e-05,-6.77626e-15,-6.07559e-06,0.000682848,9.04547e-06,0.00211386,3.58716e-07,-3.18755e-06,-2.70626e-05,-1.40794e-05,-1.11502e-05,-2.66623e-05,1.34049e-05,-4.16661e-07,0,-7.41165e-10,6.00019e-10,-8.92483,2.41983e-06,5.52288e-07,-3.13144e-10,-3.4567e-10,-3.4223e-10,-1.90365e-10,-3.47144e-10,2.50564e-10,-1.04056e-11,1.16442e-14,-2.82331e-10,-9.95007e-10,-0.0524781,-1.38487e-08,-5.23939e-09,2.30808e-11,-1.39878e-11,-7.33082e-12,-4.169e-12,-1.3962e-11,7.01794e-12,-2.2207e-13,-9.05515e-15,0.000423962,-0.000385274,0.000613977,-9.09195,-0.000122656,0.000224988,0.000224034,0.000116557,9.30241e-05,0.000220726,-0.000110972,3.44964e-06,2.96462e-14,3.19212e-06,0.00359633,-4.36806e-06,-0.0521632,-6.648e-08,1.35519e-06,1.66991e-05,8.68776e-06,7.79746e-06,1.64518e-05,-8.27119e-06,2.56807e-07,2.96462e-14,2.83911e-05,1.59189e-06,3.78696e-05,-0.000506847,-8.91537,-4.0489e-05,-7.07614e-07,5.76906e-06,-4.53659e-06,1.08785e-05,-3.83673e-06,3.82148e-07,-2.13586e-14,-0.000878538,1.32659e-07,-3.7233e-07,-9.25198e-11,-0.0521028,-2.31096e-07,-5.27278e-08,4.30243e-07,-3.80512e-07,8.11365e-07,-2.86287e-07,2.86451e-08,-5.25882e-14,-2.68941e-09,5.14436e-09,1.44116e-06,8.10921e-05,-0.00116394,-8.22983e-09,-2.96994e-09,-9.40016e-10,-1.65139e-09,-1.78505e-09,1.05829e-09,-7.02369e-12,6.43421e-14,-1.14683e-07,-3.1598e-08,8.40178e-09,4.70476e-07,-6.8719e-06,0.000645261,-1.90446e-10,-4.75567e-11,-1.27605e-10,-9.04188e-11,5.9122e-11,3.68423e-13,-5.68671e-14,-6.31089e-24,-4.62588e-21,-1.36315e-21,-3.47099e-22,-2.84305e-21,4.94142e-21,2.69917e-20,-1.07637e-16,-2.08983e-15,-3.2032e-16,1.35062e-15,-3.6696e-16,3.21385e-16,4.10208e-22,-8.61436e-22,8.48814e-22,-2.71053e-21,2.33503e-22,-3.59405e-21,1,-5.23203e-18,-3.63533e-17,-6.23451e-18,3.08506e-17,-7.80171e-18,5.62787e-18,2.36658e-23,1.80547e-20,5.31929e-21,1.36473e-21,1.10938e-20,-1.92798e-20,-3.42192e-20,-1.83723e-16,-1.26115e-15,-1.49747e-15,4.53089e-15,-2.66384e-15,3.95303e-15,-1.59192e-21,3.34083e-21,-3.31164e-21,1.0581e-20,-9.1429e-22,1.40291e-20,-8.20415e-23,1,-2.15577e-17,-3.50549e-17,9.34861e-17,-5.57832e-17,6.87931e-17,0,-9.2139e-22,-2.71368e-22,-6.94198e-23,-5.6798e-22,9.84498e-22,-3.45837e-20,7.13741e-16,4.49948e-16,7.5136e-16,-1.33864e-14,6.8395e-15,-1.49581e-14,8.20415e-23,-1.70394e-22,1.64083e-22,-5.42736e-22,4.41762e-23,-7.19441e-22,6.31089e-24,1.98023e-17,1,1.5581e-17,-2.97867e-16,1.5189e-16,-2.6198e-16,8.83524e-23,6.711e-20,1.97657e-20,5.07395e-21,4.12353e-20,-7.16791e-20,-2.63543e-19,-5.88124e-16,1.9112e-15,-2.16362e-15,-5.87833e-15,-2.29059e-14,7.40116e-15,-5.90699e-21,1.24198e-20,-1.23189e-20,3.93421e-20,-3.40788e-21,5.21532e-20,1.3884e-22,9.86084e-18,3.20565e-17,1,-1.89309e-16,-5.16928e-16,1.29854e-16,4.03897e-22,2.98833e-19,8.7999e-20,2.26182e-20,1.83571e-19,-3.19078e-19,-1.07497e-18,-2.51742e-17,1.51264e-15,-2.02018e-15,-4.54793e-15,-9.12505e-14,7.08399e-14,-2.63038e-20,5.53339e-20,-5.4829e-20,1.75089e-19,-1.51461e-20,2.3214e-19,-5.55358e-22,3.60564e-18,2.4018e-17,-4.56343e-17,1,-2.05819e-15,1.24331e-15,8.07794e-22,5.83025e-19,1.71858e-19,4.40247e-20,3.58256e-19,-6.22405e-19,-2.48033e-18,-4.43085e-16,-6.4251e-16,6.61279e-16,6.00903e-15,2.38405e-14,-4.84376e-14,-5.14968e-20,1.0784e-19,-1.06831e-19,3.41495e-19,-2.96864e-20,4.5297e-19,2.01948e-22,-3.03145e-18,-1.11778e-17,2.7119e-17,2.13327e-16,1,-8.03372e-16,-3.87741e-20,-2.85636e-17,-8.41398e-18,-2.15842e-18,-1.75517e-17,3.05087e-17,9.43568e-17,4.80631e-16,1.67233e-16,1.16446e-15,6.34712e-16,5.45835e-14,3.87487e-14,2.52032e-18,-5.2862e-18,5.24096e-18,-1.67375e-17,1.44757e-18,-2.21917e-17,1.29247e-20,4.43963e-18,3.7934e-18,2.81177e-17,5.41286e-17,1.28438e-15,1,
